[
  {
    "libelle": null,
    "label": "pavdo",
    "description": "",
    "type": "0",
    "price": "0.00000000",
    "price_ttc": "0.00000000",
    "price_min": "0.00000000",
    "price_min_ttc": "0.00000000",
    "price_base_type": "HT",
    "multiprices": [],
    "multiprices_ttc": [],
    "multiprices_base_type": [],
    "multiprices_min": [],
    "multiprices_min_ttc": [],
    "multiprices_tva_tx": [],
    "multiprices_recuperableonly": [],
    "price_by_qty": null,
    "prices_by_qty": [],
    "prices_by_qty_id": [],
    "prices_by_qty_list": [],
    "default_vat_code": null,
    "tva_tx": "12.500",
    "tva_npr": "0",
    "localtax1_tx": "0.000",
    "localtax2_tx": "0.000",
    "localtax1_type": "0",
    "localtax2_type": "0",
    "stock_reel": "5",
    "stock_theorique": null,
    "cost_price": null,
    "pmp": "128.00000000",
    "seuil_stock_alerte": null,
    "desiredstock": null,
    "duration_value": false,
    "duration_unit": false,
    "status": "1",
    "status_buy": "0",
    "finished": null,
    "status_batch": "1",
    "customcode": "",
    "url": null,
    "weight": null,
    "weight_units": "0",
    "length": null,
    "length_units": "0",
    "surface": null,
    "surface_units": "0",
    "volume": null,
    "volume_units": "0",
    "accountancy_code_buy": "",
    "accountancy_code_sell": "",
    "barcode": null,
    "stats_propale": [],
    "stats_commande": [],
    "stats_contrat": [],
    "stats_facture": [],
    "stats_commande_fournisseur": [],
    "multilangs": [],
    "imgWidth": null,
    "imgHeight": null,
    "date_creation": "2017-08-21 01:35:45",
    "date_modification": "2017-09-01 17:22:20",
    "product_fourn_id": null,
    "product_id_already_linked": null,
    "nbphoto": 0,
    "stock_warehouse": [],
    "fk_price_expression": null,
    "buyprice": null,
    "fourn_pu": null,
    "fourn_price_base_type": null,
    "ref_fourn": null,
    "ref_supplier": null,
    "fk_unit": null,
    "price_autogen": "0",
    "id": "1",
    "import_key": null,
    "array_options": [],
    "linkedObjectsIds": null,
    "context": [],
    "canvas": "",
    "fk_project": null,
    "contact": null,
    "contact_id": null,
    "thirdparty": null,
    "user": null,
    "origin": null,
    "origin_id": null,
    "ref": "pavdo",
    "ref_ext": null,
    "statut": null,
    "country": null,
    "country_id": null,
    "country_code": "",
    "barcode_type": null,
    "barcode_type_code": null,
    "barcode_type_label": null,
    "barcode_type_coder": null,
    "mode_reglement_id": null,
    "cond_reglement_id": null,
    "cond_reglement": null,
    "fk_delivery_address": null,
    "shipping_method_id": null,
    "modelpdf": null,
    "fk_account": null,
    "note_public": null,
    "note_private": "",
    "note": "",
    "total_ht": null,
    "total_tva": null,
    "total_localtax1": null,
    "total_localtax2": null,
    "total_ttc": null,
    "lines": null,
    "fk_incoterms": null,
    "libelle_incoterms": null,
    "location_incoterms": null,
    "name": null,
    "lastname": null,
    "firstname": null,
    "civility_id": null,
    "recuperableonly": "0",
    "duration": "",
    "entity": "1"
  },
  {
    "libelle": null,
    "label": "RP",
    "description": "",
    "type": "0",
    "price": "0.00000000",
    "price_ttc": "0.00000000",
    "price_min": "0.00000000",
    "price_min_ttc": "0.00000000",
    "price_base_type": "HT",
    "multiprices": [],
    "multiprices_ttc": [],
    "multiprices_base_type": [],
    "multiprices_min": [],
    "multiprices_min_ttc": [],
    "multiprices_tva_tx": [],
    "multiprices_recuperableonly": [],
    "price_by_qty": null,
    "prices_by_qty": [],
    "prices_by_qty_id": [],
    "prices_by_qty_list": [],
    "default_vat_code": null,
    "tva_tx": "12.500",
    "tva_npr": "0",
    "localtax1_tx": "0.000",
    "localtax2_tx": "0.000",
    "localtax1_type": "0",
    "localtax2_type": "0",
    "stock_reel": null,
    "stock_theorique": null,
    "cost_price": null,
    "pmp": "0.00000000",
    "seuil_stock_alerte": "2",
    "desiredstock": "1",
    "duration_value": false,
    "duration_unit": false,
    "status": "0",
    "status_buy": "0",
    "finished": "1",
    "status_batch": "0",
    "customcode": "",
    "url": null,
    "weight": "1",
    "weight_units": "0",
    "length": null,
    "length_units": "0",
    "surface": null,
    "surface_units": "0",
    "volume": null,
    "volume_units": "0",
    "accountancy_code_buy": "",
    "accountancy_code_sell": "",
    "barcode": null,
    "stats_propale": [],
    "stats_commande": [],
    "stats_contrat": [],
    "stats_facture": [],
    "stats_commande_fournisseur": [],
    "multilangs": [],
    "imgWidth": null,
    "imgHeight": null,
    "date_creation": "2017-09-14 09:43:03",
    "date_modification": "2017-09-14 22:43:03",
    "product_fourn_id": null,
    "product_id_already_linked": null,
    "nbphoto": 0,
    "stock_warehouse": [],
    "fk_price_expression": null,
    "buyprice": null,
    "fourn_pu": null,
    "fourn_price_base_type": null,
    "ref_fourn": null,
    "ref_supplier": null,
    "fk_unit": null,
    "price_autogen": "0",
    "id": "3",
    "import_key": null,
    "array_options": [],
    "linkedObjectsIds": null,
    "context": [],
    "canvas": "",
    "fk_project": null,
    "contact": null,
    "contact_id": null,
    "thirdparty": null,
    "user": null,
    "origin": null,
    "origin_id": null,
    "ref": "RR",
    "ref_ext": null,
    "statut": null,
    "country": null,
    "country_id": null,
    "country_code": "",
    "barcode_type": null,
    "barcode_type_code": null,
    "barcode_type_label": null,
    "barcode_type_coder": null,
    "mode_reglement_id": null,
    "cond_reglement_id": null,
    "cond_reglement": null,
    "fk_delivery_address": null,
    "shipping_method_id": null,
    "modelpdf": null,
    "fk_account": null,
    "note_public": null,
    "note_private": "",
    "note": "",
    "total_ht": null,
    "total_tva": null,
    "total_localtax1": null,
    "total_localtax2": null,
    "total_ttc": null,
    "lines": null,
    "fk_incoterms": null,
    "libelle_incoterms": null,
    "location_incoterms": null,
    "name": null,
    "lastname": null,
    "firstname": null,
    "civility_id": null,
    "recuperableonly": "0",
    "duration": "",
    "entity": "1"
  },
  {
    "libelle": null,
    "label": "Tagaaro",
    "description": "Tagaaro",
    "type": "0",
    "price": "0.00000000",
    "price_ttc": "0.00000000",
    "price_min": "0.00000000",
    "price_min_ttc": "0.00000000",
    "price_base_type": "HT",
    "multiprices": [],
    "multiprices_ttc": [],
    "multiprices_base_type": [],
    "multiprices_min": [],
    "multiprices_min_ttc": [],
    "multiprices_tva_tx": [],
    "multiprices_recuperableonly": [],
    "price_by_qty": null,
    "prices_by_qty": [],
    "prices_by_qty_id": [],
    "prices_by_qty_list": [],
    "default_vat_code": null,
    "tva_tx": "12.500",
    "tva_npr": "0",
    "localtax1_tx": "0.000",
    "localtax2_tx": "0.000",
    "localtax1_type": "0",
    "localtax2_type": "0",
    "stock_reel": null,
    "stock_theorique": null,
    "cost_price": null,
    "pmp": "0.00000000",
    "seuil_stock_alerte": "15",
    "desiredstock": "10",
    "duration_value": false,
    "duration_unit": false,
    "status": "0",
    "status_buy": "0",
    "finished": "1",
    "status_batch": "0",
    "customcode": "",
    "url": null,
    "weight": "1",
    "weight_units": "0",
    "length": null,
    "length_units": "0",
    "surface": null,
    "surface_units": "0",
    "volume": null,
    "volume_units": "0",
    "accountancy_code_buy": "",
    "accountancy_code_sell": "",
    "barcode": null,
    "stats_propale": [],
    "stats_commande": [],
    "stats_contrat": [],
    "stats_facture": [],
    "stats_commande_fournisseur": [],
    "multilangs": [],
    "imgWidth": null,
    "imgHeight": null,
    "date_creation": "2017-08-29 05:53:13",
    "date_modification": "2017-08-29 18:54:03",
    "product_fourn_id": null,
    "product_id_already_linked": null,
    "nbphoto": 0,
    "stock_warehouse": [],
    "fk_price_expression": null,
    "buyprice": null,
    "fourn_pu": null,
    "fourn_price_base_type": null,
    "ref_fourn": null,
    "ref_supplier": null,
    "fk_unit": null,
    "price_autogen": "0",
    "id": "2",
    "import_key": null,
    "array_options": [],
    "linkedObjectsIds": null,
    "context": [],
    "canvas": "",
    "fk_project": null,
    "contact": null,
    "contact_id": null,
    "thirdparty": null,
    "user": null,
    "origin": null,
    "origin_id": null,
    "ref": "Tagaaro",
    "ref_ext": null,
    "statut": null,
    "country": null,
    "country_id": null,
    "country_code": "",
    "barcode_type": null,
    "barcode_type_code": null,
    "barcode_type_label": null,
    "barcode_type_coder": null,
    "mode_reglement_id": null,
    "cond_reglement_id": null,
    "cond_reglement": null,
    "fk_delivery_address": null,
    "shipping_method_id": null,
    "modelpdf": null,
    "fk_account": null,
    "note_public": null,
    "note_private": "Tagaaro",
    "note": "Tagaaro",
    "total_ht": null,
    "total_tva": null,
    "total_localtax1": null,
    "total_localtax2": null,
    "total_ttc": null,
    "lines": null,
    "fk_incoterms": null,
    "libelle_incoterms": null,
    "location_incoterms": null,
    "name": null,
    "lastname": null,
    "firstname": null,
    "civility_id": null,
    "recuperableonly": "0",
    "duration": "",
    "entity": "1"
  }
]